STATEFP10,STATE,STATE_ABV,ZCTA,GEOID10,MULTI_STATE,POP,PR_HRI,F_HRI,LOW_EMS,P_NEHD,PR_NEHD,HHB_SCORE,HHB_RANK,P_CHD,PR_CHD,F_CHD,P_OBS,PR_OBS,F_OBS,P_DIABETES,PR_DIABETES,F_DIABETES,P_COPD,PR_COPD,F_COPD,P_ASTHMA,PR_ASTHMA,F_ASTHMA,P_MNTHL,PR_MNTHL,F_MNTHL,F_SEN_COUNT,SEN_SCORE,SEN_RANK,P_UNINSUR,PR_UNINSUR,P_POV,PR_POV,P_UNEMP,PR_UNEMP,P_NOHSDP,PR_NOHSDP,P_ISO,PR_ISO,P_ELP,PR_ELP,P_DISABL,PR_DISABL,P_ODW,PR_ODW,P_AGE65,PR_AGE65,P_AGE5,PR_AGE5,SOCIODEM_SCORE,SOCIODEM_RANK,P_IMPERV,PR_IMPERV,P_TREEC,PR_TREEC,P_NOVEH,PR_NOVEH,P_MOBILE,PR_MOBILE,P_RENT,PR_RENT,P_OZONE,PR_OZONE,P_PM25,PR_PM25,NBE_SCORE,NBE_RANK,OVERALL_SCORE,OVERALL_RANK,ZCTA5
06,CA,California,91901,0691901,0,17403,67,0.75,0,14.6666666666667,0.6287,0.6894,0.7335,5.1,0.1812,0,24.3,0.0344,0,9.2,0.2209,0,5.6,0.1678,0,9.8,0.2874,0,15.4,0.3925,0,0,0,0,4.9,0.3565,12.3291523707745,0.2322,5.1,0.5944,5.7,0.2551,11.7972618700845,0.3656,1.19491274770778,0.6885,11,0.2852,11.6125356125356,0.5291,17.5,0.4747,6.9,0.7425,0.4524,0.3948,2.5037462152018,0.5545,13.1222849998,0.6449,3,0.381,6.3,0.4712,28.3386075949367,0.6382,7.33333333333333,0.97,0.666666666666667,0.797,0.6367,0.8841,0.5031,0.5707,91901
06,CA,California,91902,0691902,0,17653,20,0.5,1,15.84,0.7416,0.6208,0.6393,5.2,0.1959,0,23,0.0217,0,10.6,0.4152,0,4.7,0.0817,0,8.8,0.0706,0,13.2,0.1217,0,0,0,0,4.5,0.3227,10.4544246611746,0.1783,7.1,0.7734,9.1,0.4605,7.59123137969167,0.1247,5.07600133141019,0.8954,11,0.2852,5.80559548822294,0.1842,20.3,0.6454,4.6,0.3594,0.4229,0.3238,32.3588448766873,0.8698,9.10913862303,0.7113,1.9,0.2635,0.3,0.1681,25.5492676431425,0.5663,2.33333333333333,0.8528,1.66666666666667,0.8824,0.6163,0.8594,0.4556,0.475,91902
06,CA,California,91905,0691905,0,1700,98,1,0,13.8733333333333,0.5699,0.785,0.8514,8,0.7815,1,29.5,0.1356,0,14.4,0.8473,1,9.5,0.7561,1,10.7,0.6183,0,17.9,0.7441,1,4,0.6667,0.7602,5.1,0.3748,25.2577319587629,0.6273,19.6,0.9775,9.7,0.4927,12.2564935064935,0.3991,0.344589937973811,0.5036,33,0.9675,18.6991869918699,0.8399,27.9,0.877,1.4,0.1031,0.6162,0.8017,0.4442344719931,0.1023,2.68373551207,0.8476,0.3,0.1442,5.5,0.4446,44.4444444444444,0.8716,2,0.8311,0,0,0.4631,0.5595,0.7432,0.9195,91905
06,CA,California,91906,0691906,0,3627,96,1,0,15.3285714285714,0.6924,0.8462,0.9042,7,0.5757,0,29.2,0.1269,0,12.9,0.7251,1,8.7,0.6428,0,11,0.719,1,19,0.8449,1,3,0.5,0.6536,9.2,0.6524,39.9526627218935,0.8883,8.7,0.8521,28,0.938,8.85596140592695,0.1811,11.5268709191361,0.9615,15.4,0.5765,22.4969097651421,0.9071,11.1,0.1322,10.1,0.9454,0.7035,0.9528,0.4928213143516,0.1187,7.28844656955,0.7439,3.4,0.4265,7.9,0.5235,32.418001525553,0.727,2,0.8311,0,0,0.4815,0.6071,0.7794,0.9477,91906
06,CA,California,91910,0691910,0,75802,40,0.5,1,16.7904761904762,0.8155,0.6578,0.6922,5.1,0.1812,0,25.8,0.0557,0,11.6,0.564,0,5.1,0.1156,0,9.5,0.1987,0,15.9,0.4655,0,0,0,0,8.2,0.5998,21.860194385034,0.5296,9.4,0.875,19.6,0.8327,10.232598810773,0.2579,11.0806723168678,0.9594,11,0.2852,9.84589537106773,0.4193,14.8,0.3039,6.4,0.6659,0.5729,0.7024,54.64702582150039,0.952,7.04202775418,0.7494,6.7,0.7099,4.7,0.414,50.753748696977,0.9106,1,0.6973,2,0.8893,0.7604,0.9749,0.5924,0.7338,91910
06,CA,California,91911,0691911,0,82999,20,0.5,1,16.7578947368421,0.8145,0.6572,0.692,5.2,0.1959,0,27,0.0758,0,12.3,0.6561,0,5.1,0.1156,0,9.7,0.256,0,16.5,0.5552,0,0,0,0,9.3,0.6576,22.3675212649815,0.5446,12.2,0.9304,27,0.9309,6.69768619630931,0.0934,13.204165351846,0.9684,11.3,0.3049,11.8225426019664,0.543,13.6,0.2378,5.7,0.5455,0.5756,0.7091,59.11469027320621,0.9635,3.28386192395,0.8309,5.7,0.6391,7.9,0.5235,48.6874088478367,0.8996,0.333333333333333,0.458,1.66666666666667,0.8824,0.7424,0.9663,0.5918,0.7327,91911
06,CA,California,91913,0691913,0,40971,20,0.5,1,15.8,0.7305,0.6153,0.6309,3,0.0198,0,22.1,0.0151,0,8.6,0.1542,0,3.1,0.014,0,8.6,0.0493,0,14.4,0.2541,0,0,0,0,7,0.5216,12.5323858168628,0.2378,7,0.7668,9,0.455,4.44821993976369,0.0418,5.82429995442024,0.9098,7.3,0.0843,4.075837300593,0.1155,8.9,0.0724,6.8,0.7284,0.3933,0.2558,38.2078027441713,0.8953,4.96633488467,0.7918,2.4,0.3173,2.6,0.3249,29.608901764551,0.6688,2.33333333333333,0.8528,1.66666666666667,0.8824,0.6762,0.9242,0.4527,0.4691,91913
06,CA,California,91914,0691914,0,15448,20,0.5,1,15.8,0.7305,0.6153,0.6309,2.9,0.0182,0,22,0.0143,0,8.2,0.1174,0,2.8,0.0103,0,8.4,0.0302,0,13.3,0.1304,0,0,0,0,5.6,0.4152,6.1510001156203,0.073,3.2,0.3395,6,0.2729,2.56556908244138,0.0259,4.63746779536253,0.886,8.3,0.1259,3.82733090726565,0.1081,9.3,0.0802,6.2,0.633,0.296,0.0896,28.8595007098849,0.8526,4.69224489796,0.7974,1.9,0.2635,1,0.2414,18.4159272884657,0.3495,3.33333333333333,0.8955,1.33333333333333,0.8668,0.6095,0.8512,0.3929,0.3468,91914
06,CA,California,91915,0691915,0,24659,20,0.5,1,14.3968253968254,0.6046,0.5523,0.5012,2.6,0.0149,0,21.9,0.0136,0,7.6,0.0743,0,2.6,0.0086,0,8.4,0.0302,0,13.9,0.1921,0,0,0,0,2.8,0.1787,8.53884831796959,0.127,7.2,0.7807,6,0.2729,2.93383807966962,0.028,3.97940681258904,0.8688,6.2,0.0541,4.62587790383576,0.1338,7.4,0.049,7.8,0.8407,0.3334,0.1425,27.9083800229823,0.8483,5.17216256054,0.7872,1.7,0.2412,0,0,27.8318634749742,0.6267,0.5,0.6086,1.66666666666667,0.8824,0.5706,0.7923,0.359,0.2835,91915
06,CA,California,91916,0691916,0,1622,97,1,0,16.5,0.7931,0.8966,0.9381,6,0.3488,0,25.2,0.0465,0,10.5,0.4004,0,6.9,0.3431,0,10,0.3568,0,15.7,0.4363,0,0,0,0,7.1,0.5289,13.9596602972399,0.2806,2.5,0.2531,4.4,0.1785,7.71789753825682,0.1302,1.49006622516556,0.7256,16.3,0.6296,12.7098321342926,0.597,22.9,0.7597,6.5,0.6827,0.4766,0.4555,0.3885130149388,0.0839,22.2253118776,0.5218,2.1,0.2854,1.3,0.2597,7.80780780780781,0.0874,5.66666666666667,0.9529,0,0,0.313,0.1763,0.3925,0.3461,91916
06,CA,California,91917,0691917,0,992,99,1,0,14,0.5748,0.7874,0.8524,5.8,0.3082,0,27.8,0.0918,0,12.2,0.643,0,6.3,0.2527,0,9.8,0.2874,0,16.4,0.5396,0,0,0,0,2.7,0.1713,52.0283975659229,0.9599,11.8,0.9255,13.2,0.652,0,0,6.70926517571885,0.9226,9.5,0.1912,10.1098901098901,0.4349,6.5,0.0393,4.8,0.3895,0.4686,0.4343,0.4037620566391,0.0887,6.56177263526,0.7585,0,0,14.4,0.6835,3.80952380952381,0.0459,4.66666666666667,0.9349,0,0,0.3588,0.2797,0.3916,0.344,91917
06,CA,California,91931,0691931,0,592,96,1,0,16.5,0.7931,0.8966,0.9381,5.3,0.2126,0,25.5,0.0511,0,9.6,0.2721,0,6,0.2144,0,9.7,0.256,0,15.6,0.4207,0,0,0,0,13.5,0.8182,23.1647634584013,0.5693,17.9,0.9721,12.6,0.6278,6.91489361702128,0.1005,0,0,9.1,0.1685,20.1646090534979,0.873,5.1,0.0301,4.4,0.3298,0.4489,0.386,0.7547924916758,0.2151,25.8744683407,0.4821,0,0,46.4,0.9765,25.1497005988024,0.5554,5.66666666666667,0.9529,0,0,0.4546,0.5372,0.4653,0.4948,91931
06,CA,California,91932,0691932,0,25718,20,0.5,1,18.4,0.9129,0.7064,0.7547,4.7,0.1251,0,26.8,0.0724,0,10.5,0.4004,0,5.4,0.1467,0,10.2,0.4313,0,18.2,0.7754,1,1,0.1667,0.3497,12,0.7712,26.1681533497817,0.6513,8.6,0.8482,16.1,0.7505,12.1598639455782,0.392,6.26758864677977,0.9169,11.8,0.3379,11.7834128378944,0.5404,11.7,0.1525,6.1,0.6163,0.5977,0.7611,48.2551306859734,0.9322,1.7329199549,0.8774,5.1,0.5889,0.6,0.2083,69.2049858594323,0.9698,0.333333333333333,0.458,1.66666666666667,0.8824,0.7024,0.9437,0.7023,0.8812,91932
06,CA,California,91934,0691934,0,737,99,1,0,14.7519047619048,0.6348,0.8174,0.8798,8,0.7815,1,29.2,0.1269,0,14.6,0.8596,1,9.6,0.7675,1,10.8,0.6526,0,17.9,0.7441,1,4,0.6667,0.7602,0,0,0,0,0,0,21,0.8599,38.3333333333333,0.9826,0,0,20.4,0.8097,0,0,50.2,0.9823,0,0,0.3634,0.1946,0.7067375520417,0.1987,0.98843728622,0.9084,0,0,7.2,0.5019,0,0,2.5,0.8668,0,0,0.3537,0.2671,0.5254,0.6142,91934
06,CA,California,91935,0691935,0,8624,93,1,0,13.7,0.5565,0.7782,0.8437,5.7,0.2882,0,24.6,0.0385,0,10.3,0.3721,0,6.1,0.228,0,9.6,0.2268,0,14.8,0.3084,0,0,0,0,7.5,0.5553,9.08771929824561,0.1406,4.7,0.5454,6.7,0.3155,6.62667809197372,0.0914,2.60461671398593,0.8115,14,0.4877,6.78571428571429,0.2346,22.7,0.7523,5.3,0.474,0.4408,0.3668,1.1503459372732,0.3446,10.9830895844,0.6794,1.5,0.2226,5.1,0.4301,11.4654002713704,0.1564,4,0.9177,1,0.8463,0.5139,0.6811,0.4729,0.5096,91935
06,CA,California,91941,0691941,0,31779,20,0.5,1,14.6166666666667,0.6272,0.5636,0.5286,5.4,0.2301,0,24.2,0.0331,0,9.7,0.2864,0,5.6,0.1678,0,9.8,0.2874,0,15.4,0.3925,0,0,0,0,4.4,0.3132,16.3108697025201,0.3546,6.9,0.7596,6,0.2729,9.58105213044513,0.2188,3.28998218906476,0.8454,10.7,0.2653,7.005030885818,0.2466,17.6,0.4816,6.8,0.7284,0.4486,0.3854,39.5612663561602,0.9002,12.8720865107,0.6493,4.4,0.5277,0.1,0.1293,37.670641092103,0.8051,4.33333333333333,0.9275,1.66666666666667,0.8824,0.6888,0.9333,0.4618,0.4887,91941
06,CA,California,91942,0691942,0,38069,20,0.5,1,14.8222222222222,0.6465,0.5732,0.5478,5.1,0.1812,0,23.8,0.0289,0,9,0.1979,0,5.5,0.1573,0,9.9,0.3207,0,16.3,0.5238,0,0,0,0,6.6,0.4941,20.4059450988322,0.4849,6.2,0.7067,7.5,0.3661,18.6597451628126,0.7978,2.54515380305739,0.8083,11.4,0.3112,8.59113300492611,0.3398,15,0.3162,6.6,0.6979,0.5323,0.6006,62.4251557499474,0.9704,5.70444984298,0.7755,8.9,0.8145,1.2,0.2535,60.7114382091383,0.9494,3.33333333333333,0.8955,2,0.8893,0.7926,0.9875,0.534,0.6302,91942
06,CA,California,91945,0691945,0,25460,20,0.5,1,15.4,0.6951,0.5976,0.5973,5.3,0.2126,0,27.2,0.0803,0,11.3,0.5201,0,6,0.2144,0,10.3,0.4679,0,17.4,0.6837,1,1,0.1667,0.3497,9.2,0.6524,23.0425469050081,0.5654,8,0.8228,20.7,0.8539,9.05744839592141,0.1907,6.34465981323079,0.9179,12.1,0.3586,11.3301308596985,0.5112,13.1,0.2132,6.4,0.6659,0.5752,0.7081,63.3731818490342,0.9725,3.75429127588,0.8185,7.9,0.7727,0.4,0.1847,47.6926653492968,0.894,3,0.8837,1.66666666666667,0.8824,0.7726,0.9803,0.6588,0.8304,91945
06,CA,California,91948,0691948,0,78,99,1,0,16.8,0.8156,0.9078,0.9441,9,0.907,1,23.8,0.0289,0,13.4,0.7728,1,9.4,0.7429,1,9.7,0.256,0,13.1,0.1132,0,3,0.5,0.6536,0,0,0,0,0,0,0,0,10,0.2427,0,0,0,0,35.1351351351351,0.9781,18.5,0.5393,0,0,0.176,0.0122,0.7255220630743,0.2054,26.0887371418,0.4799,0,0,13.5,0.6637,0,0,4,0.9177,0,0,0.3238,0.1985,0.4521,0.4679,91948
06,CA,California,91950,0691950,0,60322,20,0.5,1,17.0375,0.8415,0.6708,0.711,5,0.1665,0,26,0.0589,0,12.9,0.7251,1,5,0.1064,0,9.6,0.2268,0,17.7,0.7205,1,2,0.3333,0.5404,12.7,0.7939,32.2646859289926,0.7844,6.8,0.753,25.2,0.9147,8.31958040377094,0.1553,13.5914152389616,0.9701,12.6,0.3938,12.3176661264182,0.5735,13.4,0.2272,5.6,0.5283,0.6094,0.7871,68.4358799687887,0.9815,2.16215512754,0.8639,11,0.8731,2.2,0.3064,63.7740965631079,0.9577,0.666666666666667,0.618,2,0.8893,0.7843,0.9847,0.7558,0.9306,91950
06,CA,California,91962,0691962,0,1646,95,1,0,16.8,0.8156,0.9078,0.9441,5.8,0.3082,0,24.7,0.0398,0,9.9,0.3123,0,6.8,0.3281,0,9.9,0.3207,0,15.4,0.3925,0,0,0,0,3.1,0.2025,6.17283950617284,0.0732,6,0.6889,5.2,0.2231,7.61548064918852,0.1258,0.544554455445544,0.5627,13.5,0.4541,15.2838427947598,0.7265,17.3,0.4628,4.1,0.2904,0.381,0.2312,1.0185787804388,0.3049,17.9253227087,0.5762,4,0.4889,0.9,0.2345,18.9383070301291,0.3662,4,0.9177,0,0,0.4126,0.4218,0.3993,0.3598,91962
06,CA,California,91963,0691963,0,1118,76,1,0,16.2583333333334,0.7761,0.888,0.9347,6.8,0.5269,0,29.6,0.1385,0,14.1,0.8264,1,7.6,0.4575,0,10.4,0.5077,0,17.6,0.7082,1,2,0.3333,0.5404,4.7,0.3395,32.741116751269,0.7931,9.3,0.8717,37.8,0.9768,2.02774813233725,0.0236,2.29568411386593,0.7936,14,0.4877,12.3809523809524,0.5777,26.6,0.8546,7.9,0.8489,0.6567,0.8839,0.4360104686472,0.0997,5.68787834962,0.7757,9.2,0.8242,20.1,0.7862,14.2307692307692,0.2246,2,0.8311,0,0,0.5059,0.6639,0.7557,0.9304,91963
06,CA,California,91977,0691977,0,58368,20,0.5,1,15.0333333333333,0.6682,0.5841,0.5726,4.8,0.1385,0,26.5,0.0672,0,10.8,0.445,0,5.4,0.1467,0,10.1,0.3953,0,16.9,0.6143,0,0,0,0,10,0.6909,23.8210041684813,0.5886,8.2,0.8322,14.5,0.6985,6.78103893938131,0.0964,5.89541152709853,0.9109,12.6,0.3938,10.5389748975236,0.4615,12.5,0.1844,7.5,0.8126,0.567,0.6891,48.6189831827149,0.9334,5.10986522911,0.7888,5.5,0.6227,3.6,0.3699,41.422157251749,0.8446,4,0.9177,1.66666666666667,0.8824,0.7656,0.9776,0.5598,0.6785,91977
06,CA,California,91978,0691978,0,8896,20,0.5,1,13.4,0.5328,0.5164,0.424,4.7,0.1251,0,25.2,0.0465,0,9.6,0.2721,0,5.4,0.1467,0,10,0.3568,0,16.5,0.5552,0,0,0,0,9.7,0.6781,16.3187494042513,0.3549,9.8,0.8861,10.3,0.5244,7.14468302658487,0.1085,3.01148711580255,0.8329,10.3,0.2402,8.96467224831529,0.3622,13.2,0.2183,8,0.8568,0.5062,0.5315,14.279133013729,0.7694,6.94840761065,0.7515,2.3,0.3059,20.7,0.7946,38.1715642623924,0.8112,3.66666666666667,0.9067,1.33333333333333,0.8668,0.7437,0.9669,0.4806,0.5253,91978
06,CA,California,91980,0691980,0,165,-999,-999,-999,16.2049062049062,0.7748,0.7748,0.8432,6.9,0.5508,0,29.7,0.1418,0,15.2,0.8907,1,6.4,0.2664,0,10,0.3568,0,17,0.6282,0,1,0.1667,0.3497,-999,-999,-999,-999,-999,-999,-999,-999,-999,-999,-999,-999,-999,-999,-999,-999,-999,-999,-999,-999,-999,-999,1.5943150404661,0.4484,4.19767103348,0.8089,-999,-999,25.4,0.8536,-999,-999,2,0.8311,0,0,0.5884,0.8201,0.671,0.846,91980
06,CA,California,92003,0692003,0,4746,20,0.5,0,19.3,0.9405,0.7203,0.7723,5.9,0.3285,0,22.9,0.021,0,9.6,0.2721,0,5.7,0.1786,0,9.2,0.1293,0,13.9,0.1921,0,0,0,0,7.3,0.5419,8.40124175397749,0.1239,7.5,0.7975,11.5,0.5823,11.9655957500632,0.3779,2.74828232354778,0.8198,11.3,0.3049,11.7478510028653,0.5378,20.3,0.6454,6.9,0.7425,0.5474,0.6389,6.3374021926994,0.6844,7.00559385464,0.7504,1.5,0.2226,15.9,0.7141,32.5068870523416,0.7288,1.33333333333333,0.7627,3.33333333333333,0.9165,0.6828,0.9296,0.5852,0.7209,92003
06,CA,California,92004,0692004,0,3881,99,1,0,18.8,0.9262,0.9631,0.973,10.4,0.9743,1,27,0.0758,0,16.1,0.9258,1,10.3,0.8401,1,9.7,0.256,0,14.4,0.2541,0,3,0.5,0.6536,1.4,0.0894,28.4036537625054,0.7053,14.6,0.9548,14.8,0.7095,18.7039764359352,0.7999,3.38517840805123,0.8486,13.8,0.4748,31.858407079646,0.9708,44.7,0.9741,4.9,0.4067,0.6934,0.941,0.4967310542761,0.1201,0.15296838511,0.966,12.2,0.8955,24.5,0.8447,14.0845070422535,0.2206,0.666666666666667,0.618,0,0,0.5236,0.7023,0.8175,0.9705,92004
06,CA,California,92007,0692007,0,10429,42,0.5,0,16.8,0.8156,0.6578,0.6922,4.2,0.0732,0,22.5,0.0179,0,7.5,0.0673,0,4.3,0.0545,0,9.3,0.1494,0,14.3,0.2409,0,0,0,0,5.2,0.3825,13.2372330139756,0.2585,3.2,0.3395,2.8,0.0987,14.2481079302402,0.5463,2.27952167414051,0.7926,9,0.163,4.36858860983375,0.1246,21.8,0.7176,6.2,0.633,0.4056,0.2826,44.0527943262029,0.9181,8.00299616491,0.7311,5.8,0.6464,0,0,42.0004329941546,0.8503,0.333333333333333,0.458,3.33333333333333,0.9165,0.6458,0.8937,0.4671,0.4982,92007
06,CA,California,92008,0692008,0,27649,20,0.5,1,20.3333333333333,0.9599,0.73,0.7847,4.8,0.1385,0,22,0.0143,0,8,0.1016,0,4.6,0.074,0,9.2,0.1293,0,14.3,0.2409,0,0,0,0,7.5,0.5553,12.6366499907356,0.2407,5.3,0.6166,5.8,0.2616,15.9941839331152,0.6612,2.29986901918484,0.7939,10.7,0.2653,7.64639797781211,0.2844,17.3,0.4628,4.4,0.3298,0.4472,0.3821,44.2782878960446,0.9189,8.53980633958,0.722,4.6,0.5448,1,0.2414,54.0992305651366,0.927,0.333333333333333,0.458,3.66666666666667,0.9218,0.6763,0.9243,0.5228,0.6088,92008
06,CA,California,92009,0692009,0,40747,40,0.5,0,18.4,0.9129,0.7064,0.7547,4.2,0.0732,0,21.1,0.0102,0,7.4,0.0624,0,4,0.0391,0,8.9,0.082,0,12.8,0.0945,0,0,0,0,3.6,0.2431,6.98507205108292,0.0905,4.9,0.5698,4.2,0.1668,7.93627805937726,0.1386,1.35666895447266,0.7104,7.5,0.0908,2.5192382098792,0.0745,16.4,0.4039,6.2,0.633,0.3121,0.1108,37.4108474186982,0.8919,11.9568345324,0.6635,1.7,0.2412,0,0,25.5795701521372,0.567,0.666666666666667,0.618,3.66666666666667,0.9218,0.5576,0.7703,0.409,0.3796,92009
06,CA,California,92010,0692010,0,14382,20,0.5,1,20.8,0.9647,0.7324,0.7899,4.9,0.1522,0,22.7,0.0194,0,8.7,0.1649,0,5,0.1064,0,9.4,0.173,0,14.4,0.2541,0,0,0,0,3.4,0.2267,14.2191428045864,0.289,5.5,0.6383,3.2,0.1163,11.8306451612903,0.3679,1.37894102684249,0.7135,9.4,0.1847,4.60596379126731,0.1332,16.9,0.437,8.6,0.8947,0.4001,0.2714,29.9464180638957,0.8581,11.531588295,0.6703,1.1,0.1896,5.7,0.4509,30.2967121090617,0.6834,0.333333333333333,0.458,3.33333333333333,0.9165,0.6038,0.8431,0.4761,0.5162,92010
06,CA,California,92011,0692011,0,22405,20,0.5,0,18.4,0.9129,0.7064,0.7547,4.7,0.1251,0,21.4,0.0112,0,8.2,0.1174,0,4.4,0.0612,0,9,0.096,0,12.8,0.0945,0,0,0,0,4.9,0.3565,11.2870466321244,0.2025,3.9,0.4372,5.8,0.2616,11.9273043856785,0.3751,2.76164666408569,0.8207,8.1,0.1158,1.97848285922684,0.064,19.1,0.5771,3.7,0.2453,0.3456,0.1625,48.9561077000803,0.9344,12.1728046728,0.6604,2.9,0.3705,6.3,0.4712,33.3474801061008,0.7437,0.666666666666667,0.618,3.66666666666667,0.9218,0.6743,0.9223,0.4599,0.4845,92011
06,CA,California,92014,0692014,0,13154,41,0.5,0,16.4,0.7822,0.6411,0.6682,4.9,0.1522,0,20.1,0.0075,0,8,0.1016,0,4.1,0.0438,0,8.5,0.0397,0,11.2,0.0195,0,0,0,0,3.9,0.2694,6.38612033960871,0.0775,4,0.4518,0.6,0.0447,11.866380082393,0.3706,1.60468476690243,0.7377,6.1,0.0517,5.30406950160037,0.1611,24.7,0.8123,3.1,0.1889,0.3166,0.1167,33.7711002722142,0.8759,12.0270299145,0.6625,1.6,0.2322,0,0,33.8028169014084,0.7509,0.666666666666667,0.618,3.33333333333333,0.9165,0.5794,0.8064,0.3978,0.357,92014
06,CA,California,92019,0692019,0,42598,20,0.5,0,13.7,0.5565,0.5282,0.4492,5.3,0.2126,0,24.7,0.0398,0,9.6,0.2721,0,6.1,0.228,0,10.1,0.3953,0,16.6,0.5704,0,0,0,0,5,0.3652,16.7584652211299,0.3696,5.6,0.6484,8.7,0.4381,9.34480007092827,0.2052,4.63374851720048,0.8858,11.4,0.3112,8.85374360934588,0.3556,17.2,0.4564,6.5,0.6827,0.4718,0.4428,16.7344359870018,0.7874,6.84816071943,0.7531,4.9,0.5723,5.3,0.4367,32.95203969129,0.7365,7.33333333333333,0.97,1.33333333333333,0.8668,0.7318,0.9605,0.4631,0.491,92019
06,CA,California,92020,0692020,0,57767,40,0.5,0,13.2857142857143,0.5292,0.5146,0.4175,5.6,0.2682,0,26.8,0.0724,0,10.5,0.4004,0,6.8,0.3281,0,10.7,0.6183,0,18.6,0.8132,1,1,0.1667,0.3497,7.1,0.5289,29.7933497746407,0.7364,8.4,0.8408,16.1,0.7505,8.89777270131354,0.1832,10.3253259624302,0.9548,13.1,0.4271,8.19169474202218,0.3163,12.8,0.1983,8,0.8568,0.5793,0.7172,54.1287202434494,0.9505,7.25517112283,0.7447,9.4,0.8314,1.7,0.2822,59.7579975072705,0.9464,4.66666666666667,0.9349,1.66666666666667,0.8824,0.7961,0.9887,0.6183,0.7741,92020
06,CA,California,92021,0692021,0,65068,45,0.5,0,13.325,0.531,0.5155,0.4192,5.4,0.2301,0,27,0.0758,0,10.3,0.3721,0,6.7,0.3111,0,10.7,0.6183,0,18.6,0.8132,1,1,0.1667,0.3497,8.6,0.6218,28.7488985511433,0.7131,7.1,0.7734,13.7,0.6706,9.32317778634786,0.2036,7.95383321868073,0.9365,12.3,0.3725,11.7766529183852,0.5399,12.8,0.1983,6.7,0.7131,0.5743,0.7058,17.6756820851568,0.7935,7.65507511189,0.737,6.7,0.7099,15,0.6965,49.0984989785949,0.9017,5.33333333333333,0.9472,1.33333333333333,0.8668,0.8075,0.9914,0.6165,0.7716,92021
06,CA,California,92024,0692024,0,49121,41,0.5,0,18.1272727272727,0.9058,0.7029,0.7499,4.4,0.091,0,21.8,0.0131,0,7.8,0.0873,0,4.3,0.0545,0,9.1,0.1116,0,13.3,0.1304,0,0,0,0,5,0.3652,9.55647453109382,0.1532,3.9,0.4372,5.1,0.2173,12.1270404892242,0.3902,1.71627782247251,0.7486,8.7,0.1462,4.12386821882371,0.1171,18.9,0.5649,5.7,0.5455,0.3685,0.205,37.5775298693282,0.893,11.3488445461,0.6731,5.3,0.606,3.5,0.3656,35.4422077594471,0.7757,0.666666666666667,0.618,3.66666666666667,0.9218,0.6933,0.9367,0.4729,0.5096,92024
06,CA,California,92025,0692025,0,49978,50,0.75,1,13.9,0.5701,0.66,0.6958,5,0.1665,0,27.3,0.0822,0,10.6,0.4152,0,5.8,0.1902,0,10.2,0.4313,0,18.1,0.7656,1,1,0.1667,0.3497,14.8,0.8528,32.1421702504135,0.7823,5,0.5821,23.8,0.8989,9.24600843701607,0.2005,14.7776738131077,0.9743,10,0.2204,13.5407466880771,0.6425,10.5,0.1127,7.2,0.7801,0.6047,0.7771,21.027739466363,0.8128,7.98194008868,0.7317,8.9,0.8145,1.7,0.2822,57.2162687221909,0.9383,3,0.8837,3,0.9103,0.7676,0.9785,0.7003,0.8788,92025
06,CA,California,92026,0692026,0,48922,46,0.5,0,15.55,0.7123,0.6062,0.6135,5.4,0.2301,0,24.5,0.0369,0,10.1,0.3412,0,5.8,0.1902,0,9.7,0.256,0,16.1,0.4949,0,0,0,0,9.2,0.6524,17.9360441847435,0.4086,4.9,0.5698,14,0.6814,10.4268865462895,0.2705,7.56649309681741,0.9328,11.2,0.2979,10.8357648187378,0.4808,15.6,0.3529,8,0.8568,0.5504,0.6465,11.8853408632949,0.7504,12.4109951066,0.6562,6.1,0.6702,5.2,0.4334,42.3884824168043,0.8542,2,0.8311,3.33333333333333,0.9165,0.7303,0.9599,0.555,0.6699,92026
06,CA,California,92027,0692027,0,53881,40,0.5,0,13.7857142857143,0.5609,0.5304,0.4555,4.9,0.1522,0,26.4,0.0656,0,10.3,0.3721,0,5.7,0.1786,0,10,0.3568,0,17.6,0.7082,1,1,0.1667,0.3497,11.8,0.7643,24.0579350006212,0.5953,5,0.5821,23,0.8893,6.795978710822,0.0969,11.2324197278138,0.9602,10.2,0.2339,15.9224209276384,0.7534,11.4,0.142,7.1,0.7677,0.5785,0.7152,6.023791554445801,0.679,10.1336508857,0.6936,5,0.5802,10.2,0.5879,38.7304840556996,0.8182,2.66666666666667,0.868,3,0.9103,0.7339,0.9618,0.6205,0.7776,92027
06,CA,California,92028,0692028,0,46239,20,0.5,0,15.52,0.7107,0.6054,0.6124,5.9,0.3285,0,24.9,0.0423,0,10.5,0.4004,0,6.2,0.2402,0,9.7,0.256,0,15.7,0.4363,0,0,0,0,9.1,0.6471,18.7615178421846,0.435,4.6,0.5327,14.3,0.6916,8.05358295674629,0.1429,6.5048456969318,0.9203,10.4,0.2459,15.633836568416,0.7418,20.7,0.6664,7,0.755,0.5779,0.7138,6.535159366761201,0.6876,12.6604396088,0.6521,4,0.4889,5.8,0.4547,31.8340798920047,0.7155,4,0.9177,3.66666666666667,0.9218,0.6912,0.9348,0.5652,0.6886,92028
06,CA,California,92029,0692029,0,19021,53,0.75,0,16.05,0.7576,0.7538,0.8232,5.2,0.1959,0,22.9,0.021,0,9.5,0.2575,0,5.3,0.1363,0,9.3,0.1494,0,14.3,0.2409,0,0,0,0,4.5,0.3227,10.186000725351,0.1712,1.9,0.1986,6.4,0.2974,8.51463351463351,0.164,1.89794479691991,0.7651,8.3,0.1259,8.21657325860689,0.3175,21.1,0.6859,4.9,0.4067,0.3455,0.1623,16.5249273229409,0.7856,10.5548636337,0.6866,2.4,0.3173,14,0.6753,23.8795318298601,0.5179,1.66666666666667,0.8026,3,0.9103,0.6708,0.9192,0.4762,0.5165,92029
06,CA,California,92036,0692036,0,3440,97,1,0,16.6666666666667,0.8089,0.9044,0.942,7.3,0.644,0,25.8,0.0557,0,12.1,0.6309,0,7.9,0.5077,0,9.8,0.2874,0,14.7,0.2946,0,0,0,0,4.9,0.3565,21.5827338129496,0.5207,7,0.7668,10.4,0.5294,18.2760244936411,0.7819,0.360576923076923,0.5097,14.2,0.5002,15.8366533864542,0.7498,27.5,0.8706,3.7,0.2453,0.5831,0.7265,0.3774404095926,0.0801,10.4667109898,0.688,1.7,0.2412,10,0.5829,22.7763923524522,0.485,5,0.9408,0,0,0.4311,0.4735,0.5355,0.6334,92036
06,CA,California,92037,0692037,0,46781,20,0.5,1,16.7166666666667,0.8126,0.6563,0.6916,4.2,0.0732,0,18,0.0036,0,6.7,0.0353,0,3.6,0.0251,0,8.9,0.082,0,14.3,0.2409,0,0,0,0,3.1,0.2025,13.4789136791086,0.2653,4.1,0.4656,2.1,0.0729,17.0329847144006,0.722,1.46082337317397,0.7224,8.1,0.1158,0.770723909568395,0.0478,24,0.7934,5.3,0.474,0.3882,0.2452,35.5209813547877,0.8836,11.9464088398,0.6638,4.5,0.5366,0,0,39.8775951038042,0.8311,1.33333333333333,0.7627,3,0.9103,0.6554,0.9037,0.4601,0.485,92037
06,CA,California,92040,0692040,0,41281,56,0.75,0,13.34,0.5318,0.6409,0.6679,5.3,0.2126,0,25.6,0.0524,0,9.5,0.2575,0,6.4,0.2664,0,10.2,0.4313,0,17.4,0.6837,1,1,0.1667,0.3497,6,0.4474,16.9333999261688,0.3744,5.8,0.6688,8.8,0.4436,8.56036587076681,0.1663,1.52919477972591,0.7301,12.8,0.4077,13.7649248649385,0.6545,15.3,0.3345,7.5,0.8126,0.504,0.5263,7.109813673962,0.6969,10.5574097512,0.6866,3,0.381,11.9,0.629,34.4703181370941,0.7617,5.33333333333333,0.9472,1.66666666666667,0.8824,0.7121,0.9498,0.6234,0.7819,92040
06,CA,California,92054,0692054,0,40375,20,0.5,1,20.525,0.9623,0.7312,0.7869,4.5,0.1016,0,25.5,0.0511,0,9,0.1979,0,5.2,0.1262,0,10,0.3568,0,17.6,0.7082,1,1,0.1667,0.3497,10,0.6909,23.5927557513461,0.5819,6.5,0.7306,14.1,0.6855,14.6078493734495,0.5719,5.62261268143621,0.9066,11.6,0.3249,6.03168543615194,0.1957,12,0.165,6.1,0.6163,0.5469,0.6379,35.1685458980773,0.8823,8.59305744623,0.7208,6.4,0.6903,4.7,0.414,58.7478057343476,0.9429,1.66666666666667,0.8026,3.33333333333333,0.9165,0.7671,0.9782,0.6882,0.8657,92054
06,CA,California,92055,0692055,0,15655,96,1,0,20.2,0.9579,0.979,0.9816,0.8,0.0034,0,16.3,0.0014,0,1.3,0.002,0,1.6,0.0018,0,8.3,0.0235,0,21.9,0.9673,1,1,0.1667,0.3497,0,0,0,0,0,0,0,0,17.6113360323887,0.7513,0.0772267032778445,0.4072,12,0.3518,2.7363184079602,0.0793,0,0,0.9,0.09,0.168,0.0107,2.7957124302598,0.5756,6.52925981473,0.7592,0,0,0,0,100,0.9944,1.66666666666667,0.8026,3,0.9103,0.5774,0.8029,0.5362,0.6349,92055
06,CA,California,92056,0692056,0,51835,20,0.5,1,20.75,0.9646,0.7323,0.7899,5.3,0.2126,0,23.4,0.0249,0,9.6,0.2721,0,5.3,0.1363,0,9.5,0.1987,0,15.3,0.3772,0,0,0,0,8,0.5872,13.9905435534712,0.2818,5.1,0.5944,9.6,0.4874,11.8578020033948,0.3699,4.63245774791285,0.8858,11.9,0.3447,7.53576226981744,0.2778,19.8,0.6181,6.2,0.633,0.508,0.5366,48.2100578054341,0.932,8.29574634364,0.726,4.9,0.5723,1.7,0.2822,36.8254803895762,0.7956,0.666666666666667,0.618,3.33333333333333,0.9165,0.6918,0.9354,0.5655,0.6892,92056
06,CA,California,92057,0692057,0,54096,20,0.5,1,20.44,0.9617,0.7308,0.7867,4.8,0.1385,0,24.2,0.0331,0,9.6,0.2721,0,5,0.1064,0,9.6,0.2268,0,15.8,0.4506,0,0,0,0,9.1,0.6471,14.6323261136356,0.3018,6.4,0.7227,14.2,0.6884,8.34091726809033,0.1566,5.9589498471163,0.9119,12.9,0.4141,7.13311045916627,0.2534,15.2,0.328,5.8,0.5645,0.4988,0.5139,33.591802583196,0.8751,7.52679394634,0.7393,4.2,0.5078,3.4,0.3609,32.80163599182,0.7339,1,0.6973,3.33333333333333,0.9165,0.6901,0.9341,0.5587,0.6767,92057
06,CA,California,92058,0692058,0,42436,40,0.5,1,20.5,0.9619,0.731,0.7868,3.3,0.0266,0,24.4,0.0357,0,7.3,0.0573,0,4.3,0.0545,0,10.2,0.4313,0,20,0.9088,1,1,0.1667,0.3497,6,0.4474,26.562826435154,0.661,6.7,0.7454,12.4,0.6206,7.58009543285617,0.1243,4.13150270814964,0.8727,10.1,0.2273,9.74221408008375,0.4128,7.5,0.0504,13.8,0.9828,0.5145,0.5541,17.8861082510168,0.7946,5.00975485426,0.7908,2.3,0.3059,7.9,0.5235,71.5323787134003,0.9734,1.66666666666667,0.8026,3.33333333333333,0.9165,0.7296,0.9597,0.6626,0.8351,92058
06,CA,California,92059,0692059,0,1618,95,1,0,15.3154761904762,0.692,0.846,0.9041,5.2,0.1959,0,27.9,0.0939,0,11.5,0.5502,0,5.7,0.1786,0,10.9,0.6871,1,18.3,0.786,1,2,0.3333,0.5404,25.8,0.9704,19.2622950819672,0.4499,10.8,0.9077,20.9,0.8577,11.175898931001,0.3197,7.58570386579139,0.9329,5.4,0.0399,10.5831533477322,0.4643,16.9,0.437,6.4,0.6659,0.6045,0.7765,0.9567499171103,0.2844,13.9358480211,0.6313,3.6,0.4467,28.2,0.8836,31.4851485148515,0.7082,1,0.6973,2.66666666666667,0.9022,0.6505,0.8989,0.78,0.9481,92059
06,CA,California,92060,0692060,0,218,98,1,0,16.8,0.8156,0.9078,0.9441,8.6,0.8659,1,29,0.1217,0,14.6,0.8596,1,10.4,0.8481,1,10.4,0.5077,0,16.1,0.4949,0,3,0.5,0.6536,30.1,0.9824,12.0481927710843,0.2234,0,0,0,0,18.0722891566265,0.7728,0,0,6,0.0499,53.125,0.9946,17.5,0.4747,0,0,0.3498,0.17,0.0939201328012,0.0046,33.467016986,0.4058,0,0,0,0,67.4157303370787,0.9666,2.66666666666667,0.868,0,0,0.3207,0.1922,0.49,0.5435,92060
06,CA,California,92061,0692061,0,2499,95,1,0,14.0142857142857,0.5816,0.7908,0.856,7.2,0.622,0,26.8,0.0724,0,13.1,0.7454,1,7.3,0.4066,0,10.2,0.4313,0,16.2,0.5096,0,1,0.1667,0.3497,13.1,0.806,47.6568405139834,0.9423,5.9,0.6796,20.3,0.8468,3.24601366742597,0.0301,3.72431506849315,0.8612,3.1,0.0202,11.7948717948718,0.541,14.2,0.2691,12.2,0.9735,0.597,0.7593,0.8450430021085,0.2476,20.5556168075,0.5427,1.6,0.2322,19.9,0.7829,28.6269430051813,0.6458,1,0.6973,2.66666666666667,0.9022,0.5787,0.8052,0.6926,0.8703,92061
06,CA,California,92064,0692064,0,47904,20,0.5,1,13.2823529411765,0.5291,0.5146,0.4175,4.6,0.112,0,22.1,0.0151,0,8.7,0.1649,0,4.8,0.0893,0,9.3,0.1494,0,14.1,0.2152,0,0,0,0,3.8,0.2602,11.0051148818706,0.1943,5.6,0.6484,8.7,0.4381,6.17359903704694,0.0769,4.84473375306798,0.8908,10.8,0.2721,5.29498142869483,0.1606,16.9,0.437,5.9,0.5819,0.396,0.2619,17.2537016197036,0.7908,9.43594584755,0.7051,3.1,0.3928,3.9,0.3821,25.6835387599324,0.5699,4.66666666666667,0.9349,2.33333333333333,0.8949,0.6672,0.916,0.3989,0.3591,92064
06,CA,California,92065,0692065,0,35414,78,1,0,14.1636363636364,0.5882,0.7941,0.859,4.8,0.1385,0,24.4,0.0357,0,8.7,0.1649,0,5.4,0.1467,0,9.7,0.256,0,15.8,0.4506,0,0,0,0,6.5,0.4862,9.867345571486,0.1618,4.4,0.5068,9.2,0.4662,6.05541078041421,0.074,2.89706884798909,0.8275,10,0.2204,13.8702460850112,0.6604,15.2,0.328,6.1,0.6163,0.4348,0.3525,1.7880597604093,0.4785,9.09908499804,0.7115,2.6,0.3395,5.2,0.4334,24.2952116468905,0.5301,6,0.9573,2,0.8893,0.6199,0.8636,0.5188,0.6003,92065
06,CA,California,92066,0692066,0,378,20,0.5,0,16.8,0.8156,0.6578,0.6922,7.7,0.7262,1,28.6,0.1111,0,13.8,0.8042,1,9,0.6883,1,10.3,0.4679,0,16.5,0.5552,0,3,0.5,0.6536,7.1,0.5289,44.3001443001443,0.923,8.2,0.8322,13,0.6444,7.27611940298508,0.1126,0,0,10.5,0.2522,2.49110320284698,0.0739,13.6,0.2378,1.2,0.0976,0.3703,0.2085,0.3197751694081,0.0614,6.61476745205,0.7576,2.7,0.3494,29,0.8905,36.3636363636364,0.7894,2.66666666666667,0.868,0,0,0.5309,0.7175,0.568,0.6938,92066
06,CA,California,92067,0692067,0,9535,20,0.5,0,16.55,0.797,0.6485,0.6806,6.1,0.3702,0,21.8,0.0131,0,9.9,0.3123,0,5.4,0.1467,0,9,0.096,0,12,0.0491,0,0,0,0,5.5,0.4076,15.0025933609958,0.3127,3.9,0.4372,1,0.0489,3.26664582682088,0.0303,0.213903743315508,0.4579,7.5,0.0908,2.18002812939522,0.0674,28,0.8783,3.2,0.1975,0.2929,0.0849,18.0975111266724,0.7962,14.9343278991,0.6165,0,0,0.7,0.2191,12.6723816623183,0.184,1,0.6973,3.66666666666667,0.9218,0.4907,0.6281,0.3484,0.2645,92067
06,CA,California,92069,0692069,0,46369,44,0.5,0,16.9333333333333,0.8296,0.6648,0.7013,4.1,0.0651,0,24.9,0.0423,0,9,0.1979,0,4.7,0.0817,0,9.7,0.256,0,16.8,0.5996,0,0,0,0,10.9,0.7304,21.3808507668069,0.515,4.4,0.5068,19.5,0.8309,6.81263248276047,0.0972,10.145144076841,0.9535,9.4,0.1847,10.6462965925452,0.4686,11.9,0.1608,7,0.755,0.5203,0.5688,29.8124214871999,0.8574,6.87522439756,0.753,4.6,0.5448,9,0.5553,42.8256218240171,0.8583,1.66666666666667,0.8026,3,0.9103,0.7545,0.9718,0.5605,0.6798,92069
06,CA,California,92070,0692070,0,1245,99,1,0,16.6,0.798,0.899,0.9397,7.5,0.6855,1,27.5,0.0862,0,13.1,0.7454,1,8.2,0.5596,0,10.8,0.6526,0,17.4,0.6837,1,3,0.5,0.6536,12.7,0.7939,20.1811125485123,0.4785,6.7,0.7454,16.1,0.7505,16.4576802507837,0.6892,5.11440107671602,0.8966,15.8,0.6011,23.8907849829352,0.9243,30.8,0.9095,5.5,0.51,0.7299,0.9758,0.133634996356,0.0113,19.5728150396,0.5552,5.8,0.6464,20.1,0.7862,25,0.55,3,0.8837,0,0,0.4904,0.6274,0.7991,0.9609,92070
06,CA,California,92071,0692071,0,53422,49,0.5,0,13.3076923076923,0.5306,0.5153,0.4189,4.4,0.091,0,24,0.031,0,8.2,0.1174,0,5.2,0.1262,0,9.9,0.3207,0,16.4,0.5396,0,0,0,0,4.4,0.3132,11.8963995605266,0.2193,5.3,0.6166,6,0.2729,8.95862919935744,0.1858,1.57449577098243,0.7349,11.2,0.2979,7.36564128184997,0.267,13.9,0.2532,6.8,0.7284,0.3889,0.2469,33.5143270226434,0.8749,3.18834115806,0.8334,3.8,0.4672,10.6,0.5979,28.1093489148581,0.6333,5.66666666666667,0.9529,2,0.8893,0.7498,0.9693,0.4088,0.379,92071
06,CA,California,92075,0692075,0,12056,45,0.5,0,16.8,0.8156,0.6578,0.6922,4.9,0.1522,0,21.7,0.0124,0,8.3,0.1261,0,4.5,0.0672,0,8.9,0.082,0,12.9,0.1004,0,0,0,0,7.1,0.5289,13.064617314931,0.2538,3.2,0.3395,4.4,0.1785,15.4940334128878,0.6293,2.6196928635953,0.8125,6.1,0.0517,4.17166866746699,0.1187,22.4,0.7414,4.5,0.3446,0.3999,0.2708,38.4124956619475,0.8963,10.68995671,0.6843,4.4,0.5277,0.4,0.1847,40.6491790903944,0.8373,0.666666666666667,0.618,3.33333333333333,0.9165,0.6664,0.9151,0.4695,0.5029,92075
06,CA,California,92078,0692078,0,42906,41,0.5,1,17.1333333333333,0.8459,0.6729,0.7125,5.3,0.2126,0,22.6,0.0185,0,9.2,0.2209,0,5.3,0.1363,0,9.4,0.173,0,15.1,0.3488,0,0,0,0,5.8,0.4316,18.4496717283603,0.4251,3.6,0.3956,9,0.455,11.6769380473565,0.3571,6.14836970258657,0.9152,9.8,0.2082,6.3607608648555,0.2133,16.7,0.4241,6,0.5991,0.4424,0.3707,31.026801549796,0.8634,9.62263799876,0.7021,5.1,0.5889,14,0.6753,30.5213324207164,0.689,1,0.6973,3,0.9103,0.7323,0.9608,0.511,0.5855,92078
06,CA,California,92081,0692081,0,27404,20,0.5,0,20.3,0.9594,0.7297,0.7842,4.4,0.091,0,23.3,0.0241,0,8.2,0.1174,0,4.8,0.0893,0,9.6,0.2268,0,16.1,0.4949,0,0,0,0,7.4,0.549,15.6601735373036,0.333,4.9,0.5698,8.4,0.4211,9.04653141654351,0.1903,2.63462651997684,0.8133,7.2,0.0813,7.2335944184822,0.2591,13.2,0.2183,6.6,0.6979,0.4133,0.3007,47.9316555095458,0.931,8.69223522022,0.7191,1.6,0.2322,3.3,0.3563,46.2548638132296,0.8848,0.666666666666667,0.618,3,0.9103,0.6645,0.9129,0.4994,0.5634,92081
06,CA,California,92082,0692082,0,19037,75,1,0,15.8666666666667,0.7424,0.8712,0.9251,5.6,0.2682,0,25.4,0.0494,0,10.5,0.4004,0,6,0.2144,0,9.8,0.2874,0,15.6,0.4207,0,0,0,0,8.3,0.6049,16.9029267503908,0.3733,4.6,0.5327,9.1,0.4605,7.51417115996129,0.1222,3.74337644578657,0.862,10.5,0.2522,12.3728412585758,0.5773,18.4,0.5328,6.2,0.633,0.4951,0.504,1.3969906105707,0.4088,12.2725864754,0.6587,1.9,0.2635,16.3,0.7222,20.0600801068091,0.4007,2.33333333333333,0.8528,3.33333333333333,0.9165,0.6033,0.8422,0.5678,0.6934,92082
06,CA,California,92083,0692083,0,36975,20,0.5,0,20.3166666666667,0.9598,0.7299,0.7845,3.9,0.0516,0,26.4,0.0656,0,9,0.1979,0,4.6,0.074,0,9.9,0.3207,0,17.9,0.7441,1,1,0.1667,0.3497,13.2,0.8092,24.9131678414547,0.6176,4.4,0.5068,25.9,0.9219,7.87603070798976,0.1364,10.2720282225836,0.9542,5.8,0.0464,14.6752205292703,0.6994,8.2,0.0601,8.2,0.8713,0.5623,0.6776,55.85920840988769,0.9551,5.67458387881,0.776,3.9,0.4784,8.1,0.5296,54.2753237537697,0.9277,1.33333333333333,0.7627,3,0.9103,0.7628,0.9763,0.697,0.8747,92083
06,CA,California,92084,0692084,0,47654,40,0.5,0,19.5454545454545,0.9467,0.7233,0.7772,5.3,0.2126,0,26,0.0589,0,10.2,0.3566,0,6,0.2144,0,10,0.3568,0,17.2,0.6568,0,0,0,0,12,0.7712,21.6728398690889,0.5235,4.8,0.558,20.7,0.8539,7.08220510528668,0.1062,8.1889335342374,0.9384,7.9,0.1069,13.1391764798862,0.6204,12.8,0.1983,7.4,0.8023,0.5479,0.6403,19.6154520770693,0.8052,10.9790065953,0.6795,3.2,0.4037,4.6,0.41,43.6781609195402,0.8658,1.33333333333333,0.7627,3.33333333333333,0.9165,0.6919,0.9355,0.5882,0.7264,92084
06,CA,California,92086,0692086,0,1573,94,1,0,16.8,0.8156,0.9078,0.9441,8.9,0.8975,1,27.2,0.0803,0,14.9,0.8763,1,9.6,0.7675,1,10.5,0.545,0,16.2,0.5096,0,3,0.5,0.6536,7.8,0.5742,24.4717109747785,0.6065,5.8,0.6688,10.5,0.5339,15.9285159285159,0.6578,0.737265415549598,0.6084,22.8,0.8707,12.7118644067797,0.5971,43,0.9709,3.3,0.2065,0.6295,0.8301,0.2011809465364,0.0262,14.3614268476,0.6248,1.8,0.2524,43.7,0.9696,13.677811550152,0.2103,2.66666666666667,0.868,0,0,0.4216,0.4472,0.7188,0.8971,92086
06,CA,California,92091,0692091,0,1048,20,0.5,1,15.8,0.7305,0.6153,0.6309,7.4,0.665,0,20.8,0.0091,0,10.9,0.4592,0,6,0.2144,0,8.7,0.06,0,10.6,0.0083,0,0,0,0,5,0.3652,13.2520944402133,0.2589,3.9,0.4372,1.4,0.0551,20.8717518860017,0.8689,0,0,13.3,0.4404,5.1056338028169,0.1521,40.1,0.9627,0.8,0.0876,0.3628,0.1935,23.6437529347665,0.8264,9.36571125265,0.7066,2.5,0.3289,0,0,11.5987460815047,0.1598,0.666666666666667,0.618,3.33333333333333,0.9165,0.508,0.6682,0.3732,0.3094,92091
06,CA,California,92101,0692101,0,37095,20,0.5,1,18.45,0.9175,0.7088,0.7576,4.2,0.0732,0,24,0.031,0,8.3,0.1261,0,4.3,0.0545,0,9.1,0.1116,0,15.6,0.4207,0,0,0,0,6.6,0.4941,21.8309678412853,0.5288,5.5,0.6383,6.6,0.3096,42.6696780833667,0.9868,3.9449060558425,0.8678,13.3,0.4404,1.92992237423339,0.0631,15.6,0.3529,2.6,0.1546,0.4836,0.4731,77.5412206136357,0.9916,2.86216636068,0.8416,22.5,0.9661,0.2,0.1491,74.6294395401355,0.9777,0.666666666666667,0.618,3,0.9103,0.7792,0.9828,0.5534,0.6671,92101
06,CA,California,92102,0692102,0,43267,20,0.5,1,17.8615384615385,0.8958,0.6979,0.7434,4.5,0.1016,0,29.1,0.1239,0,11.7,0.5779,0,5.2,0.1262,0,10.5,0.545,0,19.1,0.8527,1,1,0.1667,0.3497,16.1,0.8811,36.7348807398251,0.8538,5,0.5821,27.3,0.9333,13.3954589606605,0.4841,16.9254015061048,0.9805,11.5,0.3187,9.50146108208625,0.3968,9.1,0.0762,6.8,0.7284,0.6235,0.8165,62.8448700643219,0.9711,5.018322445,0.7906,10.4,0.8589,2.9,0.3385,70.7393101578912,0.9723,1,0.6973,2.33333333333333,0.8949,0.7891,0.9864,0.724,0.9023,92102
06,CA,California,92103,0692103,0,31066,20,0.5,1,17.6181818181818,0.8837,0.6919,0.7365,4.2,0.0732,0,21.5,0.0116,0,7.2,0.0534,0,3.9,0.035,0,8.8,0.0706,0,13.6,0.1596,0,0,0,0,4.1,0.2864,13.9922037574372,0.2818,3.7,0.4104,3.6,0.1348,27.9894875164258,0.9541,3.16743443832234,0.8402,10.2,0.2339,1.63025758069775,0.0583,19.4,0.5958,4.3,0.3166,0.4112,0.2959,56.2791559616122,0.9563,11.8280760007,0.6656,9.1,0.8208,0,0,65.9771247195316,0.9631,1,0.6973,3,0.9103,0.7162,0.9524,0.4962,0.5563,92103
06,CA,California,92104,0692104,0,44414,20,0.5,1,18.2153846153846,0.9103,0.7051,0.7537,3.5,0.0332,0,25,0.0438,0,7.9,0.0945,0,4.1,0.0438,0,9.7,0.256,0,16.5,0.5552,0,0,0,0,11.2,0.7422,20.6316345857376,0.4923,4.8,0.558,10.4,0.5294,21.1025827196349,0.8742,5.14017600784332,0.8971,7.5,0.0908,4.99634922290602,0.1481,8.7,0.0689,5.7,0.5455,0.4946,0.5028,63.90952950822451,0.9735,5.73820214423,0.7746,7.3,0.7445,0,0,73.0938938179058,0.9756,1.66666666666667,0.8026,3,0.9103,0.7402,0.9649,0.5554,0.6705,92104
06,CA,California,92105,0692105,0,69813,20,0.5,1,16.0285714285714,0.7572,0.6286,0.6516,4.9,0.1522,0,28.3,0.1038,0,13.1,0.7454,1,5.9,0.202,0,10.6,0.5818,0,19.7,0.8931,1,2,0.3333,0.5404,16.7,0.8924,42.5575286617233,0.9106,8.4,0.8408,35.2,0.9703,8.60117783890561,0.1681,20.1175939805854,0.987,11.2,0.2979,11.7402985074627,0.5373,9.5,0.0858,6.7,0.7131,0.6403,0.8513,62.2756240776528,0.9703,5.03562515598,0.7902,11.8,0.8883,1.6,0.2769,70.8944348301303,0.9725,2.66666666666667,0.868,3,0.9103,0.8109,0.9924,0.7589,0.933,92105
06,CA,California,92106,0692106,0,19330,20,0.5,1,17.5333333333333,0.8735,0.6868,0.7299,4.8,0.1385,0,21.5,0.0116,0,7.6,0.0743,0,4.6,0.074,0,9.2,0.1293,0,14.8,0.3084,0,0,0,0,5.3,0.3907,9.42052798773141,0.1492,5.3,0.6166,4.6,0.1894,16.0562595738755,0.6654,0.814717477003942,0.6251,5.5,0.0415,5.29052679177029,0.1603,18.5,0.5393,5.6,0.5283,0.3906,0.2503,45.2940158843788,0.9223,9.20974969942,0.7095,3.3,0.4149,0.3,0.1681,43.1202178705745,0.8609,0.666666666666667,0.618,3,0.9103,0.6577,0.9063,0.4716,0.5071,92106
06,CA,California,92107,0692107,0,28651,20,0.5,1,17.8,0.8883,0.6942,0.7402,3.4,0.0293,0,21.7,0.0124,0,5.9,0.0206,0,3.8,0.0313,0,9.5,0.1987,0,16,0.4798,0,0,0,0,6.5,0.4862,15.271625087433,0.3217,3.1,0.3254,3.6,0.1348,19.1517891349322,0.8183,0.974449988279811,0.6536,7.4,0.0874,4.8316560408873,0.1415,12.5,0.1844,4.4,0.3298,0.3483,0.1672,54.6850531645253,0.9521,5.25965520562,0.7853,3.8,0.4672,0,0,60.7727570399476,0.9496,0.666666666666667,0.618,3,0.9103,0.6689,0.9176,0.4562,0.4763,92107
06,CA,California,92108,0692108,0,18858,20,0.5,0,15.8,0.7305,0.6153,0.6309,2.7,0.0157,0,21.1,0.0102,0,5.3,0.0154,0,3.2,0.0157,0,9.6,0.2268,0,17.1,0.6422,0,0,0,0,6.7,0.5012,20.4674157303371,0.4866,6.8,0.753,2.8,0.0987,20.8770403725119,0.8689,3.38494948541214,0.8485,5.6,0.0433,3.3356605383601,0.0943,8.4,0.0635,4.9,0.4067,0.4165,0.3085,61.92269481221911,0.9698,6.95087663876,0.7515,5.6,0.6311,0.1,0.1293,76.6347543352601,0.98,2.33333333333333,0.8528,3,0.9103,0.7464,0.9681,0.4769,0.5181,92108
06,CA,California,92109,0692109,0,45787,20,0.5,1,16.9857142857143,0.8315,0.6658,0.7019,2.9,0.0182,0,20,0.0073,0,4.9,0.0133,0,3,0.0127,0,9.2,0.1293,0,15.9,0.4655,0,0,0,0,8.1,0.5932,14.9849894606852,0.3123,3,0.3122,2.9,0.1027,20.5122044974053,0.8596,1.84192378706649,0.7603,6.2,0.0541,3.96825396825397,0.1122,10.9,0.1255,4.6,0.3594,0.3591,0.1869,39.4098791272602,0.8999,3.3160249101,0.8299,3.8,0.4672,0.6,0.2083,70.4091384881445,0.9718,1.33333333333333,0.7627,3,0.9103,0.7214,0.9552,0.461,0.4866,92109
06,CA,California,92110,0692110,0,25341,20,0.5,1,16.5272727272727,0.7963,0.6482,0.679,4.2,0.0732,0,22.3,0.0166,0,7.5,0.0673,0,4.4,0.0612,0,9.7,0.256,0,16.6,0.5704,0,0,0,0,6.1,0.4557,20.8311275807305,0.498,5.8,0.6688,4.9,0.2059,19.0685700912708,0.8149,1.97922859041158,0.7721,10.2,0.2339,5.02557108762359,0.1495,12.4,0.1804,5,0.4216,0.4401,0.3653,66.5173863445233,0.9785,5.64934882084,0.7766,6.8,0.7159,0.5,0.1976,58.8338602037232,0.9432,1.33333333333333,0.7627,3,0.9103,0.755,0.972,0.5041,0.5728,92110
06,CA,California,92111,0692111,0,45096,20,0.5,1,16.2,0.7638,0.6319,0.6557,4.7,0.1251,0,23,0.0217,0,10,0.3272,0,5,0.1064,0,9.4,0.173,0,15.8,0.4506,0,0,0,0,10.1,0.6951,22.9325654914121,0.5616,7.3,0.7861,14.6,0.7023,10.7281516920071,0.2908,10.7392026578073,0.9572,11,0.2852,6.00581959262852,0.1945,12.9,0.2028,5,0.4216,0.5097,0.5413,59.9951899412295,0.9655,6.64630991006,0.7571,6.4,0.6903,1.6,0.2769,49.7955607476636,0.9057,1.66666666666667,0.8026,3,0.9103,0.7583,0.9739,0.5427,0.6474,92111
06,CA,California,92113,0692113,0,56066,20,0.5,1,18.2235294117647,0.9103,0.7051,0.7537,4.3,0.0816,0,30.6,0.17,0,12.2,0.643,0,5.2,0.1262,0,10.9,0.6871,1,21.2,0.952,1,2,0.3333,0.5404,17.9,0.9104,43.3480703515648,0.9166,9.9,0.8883,38.2,0.9777,6.43802140389315,0.0849,19.8058756936325,0.9864,9.3,0.1788,13.1047653692252,0.6185,6.9,0.0438,7.7,0.832,0.6437,0.8583,73.69136299189391,0.9883,1.79943409884,0.8751,10.5,0.8613,0.2,0.1491,74.0225314777999,0.9769,0.666666666666667,0.618,2.33333333333333,0.8949,0.7662,0.9778,0.7826,0.9503,92113
06,CA,California,92114,0692114,0,65433,20,0.5,1,15.4,0.6951,0.5976,0.5973,4.9,0.1522,0,25.9,0.0573,0,13.5,0.7813,1,5.1,0.1156,0,9.8,0.2874,0,16.3,0.5238,0,1,0.1667,0.3497,11.3,0.7464,24.2023334939618,0.5991,9.8,0.8861,21.7,0.8702,4.7368221607488,0.0463,10.4288243898683,0.9553,12.1,0.3586,10.2997469668462,0.4464,14,0.2586,5.7,0.5455,0.5712,0.6984,55.9525108080078,0.9552,4.30010966762,0.8063,5.3,0.606,1.9,0.2919,33.1342293014767,0.7397,2.66666666666667,0.868,2,0.8893,0.7366,0.9631,0.6521,0.8223,92114
06,CA,California,92115,0692115,0,58560,20,0.5,1,15.2375,0.687,0.5935,0.5902,4.3,0.0816,0,24.9,0.0423,0,9.6,0.2721,0,5.4,0.1467,0,10.9,0.6871,1,20.8,0.9408,1,2,0.3333,0.5404,9.3,0.6576,38.8482226572138,0.8777,6.5,0.7306,18.2,0.8035,11.3896920557252,0.3349,9.59625221407406,0.9495,8.7,0.1462,7.42782486775859,0.2704,9.1,0.0762,6.1,0.6163,0.5463,0.6362,59.4776763632039,0.9644,8.25244785015,0.7268,10.3,0.8563,0.2,0.1491,65.7076828750648,0.9625,3,0.8837,2.33333333333333,0.8949,0.7768,0.982,0.6872,0.8647,92115
06,CA,California,92116,0692116,0,31680,20,0.5,1,16.3428571428571,0.7812,0.6406,0.6674,3.4,0.0293,0,24.3,0.0344,0,7.3,0.0573,0,3.9,0.035,0,9.6,0.2268,0,15.9,0.4655,0,0,0,0,8.9,0.6376,17.287242009406,0.3863,4,0.4518,6.9,0.3281,23.0338631651693,0.909,3.16357781075364,0.84,8.7,0.1462,3.55054110062169,0.1002,11.2,0.1351,5.2,0.4561,0.439,0.3625,54.4652516915174,0.9514,11.5831161019,0.6694,5.5,0.6227,0.3,0.1681,66.7034381320096,0.9648,2,0.8311,3,0.9103,0.7311,0.9603,0.4976,0.5594,92116
06,CA,California,92117,0692117,0,51332,20,0.5,1,16.2,0.7638,0.6319,0.6557,4.7,0.1251,0,22.4,0.0174,0,8.6,0.1542,0,4.8,0.0893,0,9.2,0.1293,0,14.9,0.322,0,0,0,0,7.1,0.5289,16.1870124393844,0.3505,3.8,0.423,8,0.3969,10.8266961966012,0.2964,4.32771782536823,0.8778,10.3,0.2402,5.13683408470379,0.1538,14.9,0.3097,5.5,0.51,0.4087,0.2902,54.92476936790081,0.9525,10.0725669316,0.6946,3.7,0.4571,2.1,0.302,41.5518388292312,0.8457,1.66666666666667,0.8026,3,0.9103,0.7093,0.9482,0.4735,0.5109,92117
06,CA,California,92118,0692118,0,23575,20,0.5,0,18.575,0.9199,0.71,0.7588,3.9,0.0516,0,20.5,0.0085,0,6.3,0.0269,0,3.7,0.0282,0,8.8,0.0706,0,15,0.3345,0,0,0,0,2.6,0.1643,9.40086716594403,0.1487,4.3,0.494,2.3,0.0798,15.2520981889317,0.6135,1.33674895202608,0.708,8.1,0.1158,2.35860706347246,0.0709,21.9,0.722,4.8,0.3895,0.3506,0.1714,48.8040274982218,0.9339,1.55857031046,0.8834,3.5,0.437,0.2,0.1491,47.1369294605809,0.8909,0.666666666666667,0.618,2.33333333333333,0.8949,0.6867,0.9319,0.4655,0.4951,92118
06,CA,California,92119,0692119,0,23057,20,0.5,1,14.4,0.6046,0.5523,0.5012,5.4,0.2301,0,21.9,0.0136,0,8.9,0.1864,0,5.1,0.1156,0,9.2,0.1293,0,13.7,0.1694,0,0,0,0,3.6,0.2431,11.0764998584085,0.196,3.4,0.3672,5,0.2116,12.0811153358682,0.3869,2.31339468302658,0.7947,11.1,0.2923,3.33497617874158,0.0942,20.2,0.6396,5.5,0.51,0.3736,0.2153,28.2794792167673,0.8499,8.35853765967,0.7252,3.9,0.4784,0,0,27.2279303837282,0.6113,3.66666666666667,0.9067,2,0.8893,0.6373,0.8849,0.4004,0.3621,92119
06,CA,California,92120,0692120,0,26317,20,0.5,1,14.5272727272727,0.6179,0.559,0.5166,5.3,0.2126,0,21.6,0.012,0,8.5,0.1447,0,4.9,0.098,0,9.2,0.1293,0,13.9,0.1921,0,0,0,0,4,0.2776,12.557834290402,0.2385,5,0.5821,3.3,0.121,10.9863222494084,0.3068,1.07341451397199,0.6696,9.6,0.197,4.06965739163354,0.1154,17.8,0.494,7,0.755,0.3757,0.2199,50.7883468281049,0.9409,9.03984287318,0.7125,2.9,0.3705,2.1,0.302,33.1603572947682,0.7401,3.33333333333333,0.8955,2.66666666666667,0.9022,0.6948,0.938,0.4186,0.3992,92120
06,CA,California,92121,0692121,0,4179,20,0.5,1,14.8,0.6358,0.5679,0.5362,2.3,0.0124,0,17.7,0.0033,0,5.5,0.0169,0,2.7,0.0094,0,8.6,0.0493,0,15.5,0.4065,0,0,0,0,2.2,0.135,19.1363251481795,0.4459,6.3,0.7148,2.2,0.0761,12.5442589782499,0.4208,0.478687029860953,0.5445,2.9,0.0194,1.24466571834993,0.0527,8,0.057,7.2,0.7801,0.3246,0.1291,42.947711781165,0.9141,8.69910828025,0.719,2.1,0.2854,0,0,43.0032292787944,0.86,3,0.8837,3,0.9103,0.6532,0.9016,0.3917,0.3443,92121
06,CA,California,92122,0692122,0,43728,20,0.5,1,15.3555555555556,0.6942,0.5971,0.5963,3.6,0.0367,0,18,0.0036,0,6.6,0.0324,0,3.5,0.0222,0,8.8,0.0706,0,15.4,0.3925,0,0,0,0,6.5,0.4862,27.384301223146,0.6808,5.2,0.6062,1.8,0.0645,14.5727335116075,0.5691,3.46238384365955,0.8512,7.6,0.095,2.35747793591477,0.0708,12.8,0.1983,4.4,0.3298,0.3952,0.2599,27.2325468144807,0.8445,4.69338100637,0.7973,6.9,0.7225,0.1,0.1293,68.522322994438,0.9688,3,0.8837,3,0.9103,0.7509,0.9701,0.4566,0.477,92122
06,CA,California,92123,0692123,0,26823,20,0.5,1,16.1333333333333,0.7617,0.6308,0.6548,4.1,0.0651,0,22.1,0.0151,0,8,0.1016,0,4.2,0.0489,0,9.4,0.173,0,15.7,0.4363,0,0,0,0,4.9,0.3565,16.1185661185661,0.3485,5.8,0.6688,5.4,0.2362,13.1094049904031,0.4625,3.39512259251956,0.8489,11.5,0.3187,5.95680053999325,0.1922,11.3,0.1383,6.3,0.6495,0.422,0.3217,59.6103177143715,0.9647,5.43246233722,0.7817,4,0.4889,0.2,0.1491,51.4552178806882,0.9142,2.33333333333333,0.8528,3,0.9103,0.7231,0.9562,0.4832,0.5302,92123
06,CA,California,92124,0692124,0,30443,20,0.5,1,14.4,0.6046,0.5523,0.5012,3.3,0.0266,0,21.7,0.0124,0,6.6,0.0324,0,3.6,0.0251,0,9.4,0.173,0,15.5,0.4065,0,0,0,0,2.8,0.1787,12.8372150187427,0.2473,4.2,0.4801,2.2,0.0761,9.11983957452374,0.1938,2.53787878787879,0.8079,6.9,0.073,4.41825150047003,0.1265,10.6,0.1161,10.9,0.9594,0.3259,0.1309,23.2748925453465,0.824,8.73319701867,0.7186,0.9,0.174,0,0,53.3548618586294,0.9236,3.33333333333333,0.8955,2.66666666666667,0.9022,0.634,0.8807,0.3782,0.3187,92124
06,CA,California,92126,0692126,0,73343,20,0.5,1,13.8533333333333,0.5691,0.5346,0.4644,3.3,0.0266,0,18.1,0.0037,0,8.4,0.1354,0,3.3,0.0172,0,8.2,0.0179,0,14.3,0.2409,0,0,0,0,5.7,0.4236,13.0240267185085,0.2524,4.5,0.5199,10.8,0.55,6.10881766315692,0.0754,9.0401800064288,0.9453,8.1,0.1158,3.91395211485167,0.1104,11.7,0.1525,5.9,0.5819,0.3727,0.2135,50.0405518997597,0.9381,5.36265694391,0.7834,3.4,0.4265,1.1,0.2477,46.6174954397652,0.8873,3,0.8837,3,0.9103,0.7253,0.9575,0.4088,0.379,92126
06,CA,California,92127,0692127,0,39337,41,0.5,0,14.2,0.5885,0.5442,0.4843,3.1,0.0218,0,18.7,0.0049,0,6.6,0.0324,0,2.9,0.0113,0,8.3,0.0235,0,12.4,0.0707,0,0,0,0,1.9,0.1153,6.69059059667903,0.0836,5.5,0.6383,2.3,0.0798,6.95558803352522,0.1016,3.71744791666667,0.8607,7.4,0.0874,1.16974972796518,0.0517,10.1,0.1013,7.7,0.832,0.2952,0.0884,22.3985254042365,0.8196,6.09189904179,0.768,4.5,0.5366,0.3,0.1681,32.8040989309887,0.7339,2.33333333333333,0.8528,2.66666666666667,0.9022,0.683,0.9299,0.3756,0.3138,92127
06,CA,California,92128,0692128,0,47490,20,0.5,1,13.9142857142857,0.5722,0.5361,0.4665,5,0.1665,0,19.2,0.0057,0,8.5,0.1447,0,4.3,0.0545,0,8.4,0.0302,0,12,0.0491,0,0,0,0,2.8,0.1787,8.1968818552178,0.119,5,0.5821,3.1,0.112,13.765241662994,0.5124,3.00440729168822,0.8325,9.3,0.1788,2.49260500887399,0.074,21.3,0.6948,5.9,0.5819,0.3866,0.2419,41.1401888770719,0.9066,9.46729059138,0.7044,4.8,0.5629,0.3,0.1681,37.2224891878904,0.8,2.33333333333333,0.8528,2.33333333333333,0.8949,0.6985,0.9408,0.4123,0.3859,92128
06,CA,California,92129,0692129,0,51536,20,0.5,1,13.66,0.5555,0.5277,0.4484,3.3,0.0266,0,19.2,0.0057,0,8,0.1016,0,3.3,0.0172,0,8.4,0.0302,0,12.8,0.0945,0,0,0,0,3.1,0.2025,9.11733518593002,0.1414,5.1,0.5944,3.4,0.1255,6.22597440513844,0.0785,3.71118404443322,0.8605,7.4,0.0874,3.24089061544549,0.0915,11.5,0.1454,6,0.5991,0.2926,0.0845,29.1521973351783,0.8539,9.50233350619,0.7039,3.7,0.4571,0,0,31.4803524912709,0.708,2.33333333333333,0.8528,2.66666666666667,0.9022,0.6397,0.8873,0.355,0.2762,92129
06,CA,California,92130,0692130,0,48940,20,0.5,1,16.5,0.7931,0.6466,0.6754,2.9,0.0182,0,19.2,0.0057,0,6.6,0.0324,0,2.8,0.0103,0,8.3,0.0235,0,12.1,0.0542,0,0,0,0,2.5,0.1568,8.15192218619731,0.118,4.8,0.558,1.5,0.0573,9.3337640714694,0.2041,3.37087115362887,0.8481,5.3,0.0383,1.95673442765518,0.0636,8.5,0.0652,5.4,0.4912,0.2601,0.0511,31.1508950716808,0.864,10.5565551248,0.6866,1.9,0.2635,0.2,0.1491,33.9712678320273,0.7539,1,0.6973,3.33333333333333,0.9165,0.6187,0.8621,0.3972,0.3557,92130
06,CA,California,92131,0692131,0,32787,20,0.5,1,13.375,0.5325,0.5162,0.4235,3.3,0.0266,0,19.7,0.0069,0,7.2,0.0534,0,3.3,0.0172,0,8.5,0.0397,0,12.4,0.0707,0,0,0,0,2.7,0.1713,5.54448583557134,0.0624,4.4,0.5068,3.8,0.1449,8.09973794965457,0.1449,3.97014648044347,0.8685,5.6,0.0433,2.24725693833245,0.0685,12.8,0.1983,7,0.755,0.2964,0.0901,14.6919303173725,0.7726,7.18154255611,0.7463,1.8,0.2524,0.1,0.1293,21.7696160267112,0.4523,3.33333333333333,0.8955,2.33333333333333,0.8949,0.5919,0.8252,0.3347,0.2398,92131
06,CA,California,92134,0692134,0,198,20,0.5,1,18.6,0.92,0.71,0.7588,2,0.0107,0,18.2,0.0039,0,3,0.0081,0,2.3,0.0057,0,8.7,0.06,0,20.3,0.9227,1,1,0.1667,0.3497,-999,-999,-999,-999,-999,-999,0,0,-999,-999,0,0,-999,-999,-999,-999,0,0,0,0,0,0,64.6982517371645,0.9753,4.36090225564,0.8047,-999,-999,-999,-999,-999,-999,0.666666666666667,0.618,2.66666666666667,0.9022,0.825,0.9951,0.5259,0.6151,92134
06,CA,California,92135,0692135,0,571,99,1,0,18.6,0.92,0.96,0.9713,0.9,0.0044,0,17,0.0024,0,1.7,0.0037,0,1.7,0.0023,0,8.6,0.0493,0,21.2,0.952,1,1,0.1667,0.3497,-999,-999,-999,-999,0,0,0,0,-999,-999,0,0,-999,-999,0,0,0,0,0,0,0,0,54.5629672711321,0.9517,1.62246376812,0.8812,-999,-999,-999,-999,-999,-999,0.333333333333333,0.458,2.33333333333333,0.8949,0.7964,0.9888,0.5774,0.7093,92135
06,CA,California,92139,0692139,0,35125,20,0.5,1,15.4888888888889,0.7078,0.6039,0.6097,4.3,0.0816,0,22.7,0.0194,0,11.6,0.564,0,4.3,0.0545,0,9.2,0.1293,0,15.6,0.4207,0,0,0,0,8.1,0.5932,18.1927173367535,0.4168,8.9,0.8592,18.5,0.8109,5.46846518410499,0.0599,6.99525395749197,0.9265,11.1,0.2923,9.70561456752655,0.4105,13.2,0.2183,6,0.5991,0.5187,0.5651,59.1225814773025,0.9636,5.45563434266,0.781,2.2,0.2958,1,0.2414,41.7584541062802,0.8475,2.33333333333333,0.8528,2,0.8893,0.6959,0.9388,0.5284,0.6195,92139
06,CA,California,92140,0692140,0,3435,50,0.75,0,18.6,0.92,0.835,0.8937,0.8,0.0034,0,16.2,0.0013,0,1.4,0.0026,0,1.7,0.0023,0,8.1,0.0135,0,22.5,0.9756,1,1,0.1667,0.3497,-999,-999,-999,-999,9.5,0.8783,0,0,-999,-999,0.802782981000803,0.6228,-999,-999,11.328125,0.511,0,0,0,0,0.3354,0.1457,57.9122935202388,0.9605,1.04623376623,0.9055,-999,-999,0,0,-999,-999,0.666666666666667,0.618,2.66666666666667,0.9022,0.6772,0.9252,0.5786,0.7111,92140
06,CA,California,92145,0692145,0,1449,89,1,0,13.2,0.519,0.7595,0.8276,2.3,0.0124,0,18.5,0.0047,0,6.2,0.0249,0,2.4,0.0065,0,8.2,0.0179,0,12.6,0.0823,0,0,0,0,5.5,0.4076,3.87679235262878,0.0389,0,0,3.1,0.112,1.47710487444609,0.0219,1.81219110378913,0.7578,3.3,0.0211,11.2349117920149,0.5043,6.7,0.0412,3.3,0.2065,0.2111,0.0224,10.7448869001413,0.7397,4.2521269973,0.8072,0,0,0,0,23.9786856127886,0.5211,3,0.8837,2,0.8893,0.5487,0.7532,0.4008,0.3627,92145
06,CA,California,92147,0692147,0,559,20,0.5,1,12.1502222222222,0.4509,0.4755,0.3385,0.8,0.0034,0,16.4,0.0017,0,1.8,0.0041,0,1.4,0.0008,0,8.4,0.0302,0,18.3,0.786,1,1,0.1667,0.3497,-999,-999,-999,-999,-999,-999,0,0,-999,-999,0,0,-999,-999,-999,-999,0,0,0,0,0,0,77.627222244349,0.9918,0.85251798561,0.9148,-999,-999,-999,-999,-999,-999,0,0,2.33333333333333,0.8949,0.7004,0.9422,0.4076,0.3768,92147
06,CA,California,92154,0692154,0,79708,48,0.5,0,17.3,0.8581,0.679,0.7211,4.5,0.1016,0,26,0.0589,0,11.8,0.5913,0,4.5,0.0672,0,9.3,0.1494,0,16.3,0.5238,0,0,0,0,9.6,0.6727,22.0825831517104,0.5363,8.9,0.8592,25,0.9125,4.78592191059785,0.0473,12.8936616408143,0.9672,11.1,0.2923,10.7535004181617,0.4752,12.1,0.1689,6.8,0.7284,0.566,0.6865,28.8410113503526,0.8525,4.12059945103,0.8104,4.1,0.4988,9.2,0.5613,40.2467815938349,0.8336,1,0.6973,1.66666666666667,0.8824,0.7338,0.9617,0.5923,0.7336,92154
06,CA,California,92155,0692155,0,550,93,1,0,18.6,0.92,0.96,0.9713,0.9,0.0044,0,17.5,0.0031,0,2.1,0.0054,0,1.4,0.0008,0,7.6,0.0042,0,16.9,0.6143,0,0,0,0,-999,-999,-999,-999,-999,-999,0,0,-999,-999,0,0,-999,-999,-999,-999,0,0,0,0,0,0,76.6878754100233,0.991,0.67554858934,0.9248,-999,-999,-999,-999,-999,-999,0.333333333333333,0.458,2,0.8893,0.8158,0.9933,0.4911,0.546,92155
06,CA,California,92173,0692173,0,29429,20,0.5,1,16.075,0.7591,0.6296,0.6524,5.4,0.2301,0,31,0.1848,0,14.9,0.8763,1,5.5,0.1573,0,10.6,0.5818,0,19,0.8449,1,2,0.3333,0.5404,12.7,0.7939,37.5250727919767,0.8632,10.9,0.9101,40.4,0.9819,4.40396179695791,0.0411,25.6327447607681,0.9935,10.5,0.2522,11.1320458470718,0.4982,9.8,0.0932,8.1,0.8641,0.6291,0.8294,37.5282465556099,0.8928,5.94817797729,0.7707,10.3,0.8563,4.4,0.4022,69.1833396250157,0.9697,1,0.6973,1.66666666666667,0.8824,0.7816,0.9837,0.7515,0.9267,92173
